"Date","Price","Open","High","Low","Vol.","Change %"
"09/24/2025","101.20","101.20","101.20","101.20","0.15K","0.40%"
"09/23/2025","100.80","100.80","100.80","100.80","0.00K","0.80%"
"09/22/2025","100.00","100.00","100.00","100.00","0.10K","-0.10%"
"09/19/2025","100.10","100.10","100.10","100.10","0.20K","-1.86%"
"09/12/2025","102.00","102.00","102.00","102.00","0.03K","-0.97%"
"09/09/2025","103.00","104.00","104.00","102.90","8.60K","0.10%"
"09/04/2025","102.90","103.90","104.00","102.90","0.30K","-1.15%"
"09/02/2025","104.10","104.10","104.10","104.10","0.10K","-2.44%"
"08/28/2025","106.70","106.70","106.70","106.70","0.07K","0.19%"
"08/27/2025","106.50","106.50","106.50","106.50","0.10K","0.76%"
"08/19/2025","105.70","105.40","105.70","105.40","0.80K","5.07%"
"08/11/2025","100.60","100.60","100.60","100.60","0.02K","-2.24%"
"08/08/2025","102.90","102.90","102.90","102.90","0.01K","1.58%"
"08/04/2025","101.30","101.30","101.30","101.30","0.08K","-0.49%"
"07/31/2025","101.80","101.80","101.80","101.80","0.07K","-3.32%"
"07/24/2025","105.30","105.30","105.30","105.30","0.10K","1.06%"
"07/23/2025","104.20","104.20","104.60","104.20","1.03K","1.46%"
"07/22/2025","102.70","102.70","102.70","102.70","0.12K","1.58%"
"07/21/2025","101.10","101.10","101.10","101.10","0.10K","3.59%"
"07/09/2025","97.60","97.60","97.60","97.60","0.11K","0.05%"
"07/04/2025","97.55","97.55","97.55","97.55","0.60K","0.31%"
"07/03/2025","97.25","95.75","97.25","95.75","0.03K","4.35%"
"07/01/2025","93.20","93.30","93.30","93.20","0.70K","-0.85%"
"06/30/2025","94.00","94.00","94.00","94.00","1.68K","0.11%"
"06/27/2025","93.90","94.75","95.00","93.90","1.22K","1.68%"
"06/26/2025","92.35","92.90","92.90","92.35","0.78K","2.61%"
"06/25/2025","90.00","90.00","90.00","90.00","0.06K","0.95%"
"06/24/2025","89.15","89.25","89.25","89.15","0.10K","1.31%"
"06/16/2025","88.00","88.00","88.00","88.00","0.19K","-0.34%"
"06/13/2025","88.30","88.30","88.30","88.30","0.10K","0.46%"
"06/11/2025","87.90","85.90","87.90","85.90","0.09K","3.96%"
"06/05/2025","84.55","84.55","84.55","84.55","0.01K","-1.28%"
"05/23/2025","85.65","85.65","85.65","85.65","0.06K","-0.17%"
"05/19/2025","85.80","85.80","85.80","85.80","0.19K","-2.05%"
"05/16/2025","87.60","87.60","87.60","87.60","0.17K","-0.45%"
"05/14/2025","88.00","89.45","89.45","87.75","1.11K","1.21%"
"05/12/2025","86.95","86.85","86.95","86.85","0.22K","1.10%"
"05/08/2025","86.00","84.00","88.80","84.00","0.29K","6.17%"
"05/07/2025","81.00","81.00","81.00","81.00","0.03K","5.33%"
"04/22/2025","76.90","76.90","76.90","76.90","0.00K","7.63%"
"04/10/2025","71.45","71.45","71.45","71.45","0.26K","2.00%"
"04/09/2025","70.05","69.90","70.05","69.90","0.19K","-5.15%"
"04/04/2025","73.85","75.00","75.00","73.85","0.36K","-4.59%"
"04/02/2025","77.40","77.40","77.40","77.40","0.05K","-0.45%"
"04/01/2025","77.75","77.75","77.75","77.75","0.30K","-1.40%"
"03/31/2025","78.85","78.85","78.85","78.85","0.03K","-1.50%"
"03/28/2025","80.05","80.05","80.05","80.05","0.11K","-0.87%"
"03/26/2025","80.75","80.75","80.75","80.75","0.01K","-3.81%"
"03/21/2025","83.95","83.85","83.95","83.85","0.21K","2.32%"
"03/18/2025","82.05","81.75","82.05","81.75","0.51K","2.69%"
"03/17/2025","79.90","79.70","79.90","79.70","0.05K","5.13%"
"03/11/2025","76.00","76.75","76.75","76.00","0.40K","0.93%"
"03/10/2025","75.30","76.60","76.60","75.30","0.01K","0.80%"
"03/06/2025","74.70","74.70","74.70","74.70","0.20K","-1.39%"
"03/05/2025","75.75","75.75","75.75","75.75","0.20K","0.20%"
"03/04/2025","75.60","77.50","77.50","75.60","0.35K","-5.85%"
"02/27/2025","80.30","80.95","80.95","80.30","5.04K","-1.35%"
"02/25/2025","81.40","82.05","82.05","81.40","0.38K","4.36%"
"02/20/2025","78.00","78.00","78.00","78.00","0.10K","0.32%"
"02/12/2025","77.75","77.20","77.75","77.20","0.04K","-1.58%"
"02/05/2025","79.00","79.00","79.00","79.00","0.17K","0.45%"
"01/31/2025","78.65","78.65","78.65","78.65","0.02K","-0.51%"
"01/30/2025","79.05","79.05","79.05","79.05","0.10K","4.08%"
"01/23/2025","75.95","75.90","75.95","75.90","0.90K","-1.30%"
"01/21/2025","76.95","76.95","76.95","76.95","0.10K","0.20%"
"01/14/2025","76.80","76.80","76.80","76.80","0.12K","0.99%"
"01/13/2025","76.05","77.25","77.25","76.05","1.52K","-6.74%"
"01/02/2025","81.55","78.30","81.55","78.30","0.13K","3.10%"
"12/30/2024","79.10","79.10","79.10","79.10","0.20K","1.41%"
"12/16/2024","78.00","78.00","78.00","78.00","0.12K","-2.38%"
"12/13/2024","79.90","80.60","80.60","79.90","2.00K","-0.56%"
"12/10/2024","80.35","80.35","80.35","80.35","0.37K","-1.71%"
"12/09/2024","81.75","80.30","81.75","80.30","0.24K","-0.30%"
"12/04/2024","82.00","82.00","82.00","82.00","0.09K","1.93%"
"12/03/2024","80.45","79.80","80.45","79.80","0.18K","0.69%"
"11/29/2024","79.90","80.50","80.50","79.90","1.37K","0.06%"
"11/25/2024","79.85","79.85","79.85","79.85","0.04K","2.37%"
"11/20/2024","78.00","78.00","78.00","78.00","0.12K","-3.70%"
"11/15/2024","81.00","81.00","81.00","81.00","0.12K","2.79%"
"11/06/2024","78.80","77.80","78.80","77.80","0.04K","-5.46%"
"11/05/2024","83.35","83.35","83.35","83.35","0.70K","-4.09%"
"11/04/2024","86.90","86.90","86.90","86.90","0.70K","7.28%"
"11/01/2024","81.00","83.00","83.00","81.00","1.00K","1.06%"
"10/30/2024","80.15","80.15","80.15","80.15","0.04K","-4.01%"
"10/21/2024","83.50","83.50","83.50","83.50","0.90K","6.51%"
"10/16/2024","78.40","78.65","78.65","78.40","0.01K","-2.12%"
"10/14/2024","80.10","80.10","80.10","80.10","0.04K","-3.09%"
"10/07/2024","82.65","82.65","82.65","82.65","0.10K","0.18%"
"10/04/2024","82.50","82.50","82.50","82.50","0.03K","1.85%"
"10/03/2024","81.00","81.00","81.00","81.00","0.12K","0.56%"
"09/26/2024","80.55","80.55","80.55","80.55","0.49K","-0.68%"
"09/18/2024","81.10","81.10","81.10","81.10","0.10K","-3.91%"
"09/17/2024","84.40","83.85","84.40","83.85","0.29K","9.61%"
"09/03/2024","77.00","76.50","77.00","76.50","0.23K","0.65%"
"08/29/2024","76.50","76.50","76.50","76.50","0.10K","-7.22%"
"08/21/2024","82.45","82.45","82.45","82.45","0.10K","-4.68%"
"08/09/2024","86.50","86.50","86.50","86.50","0.04K","3.72%"
"08/08/2024","83.40","83.40","83.40","83.40","0.19K","-5.76%"
"08/07/2024","88.50","88.50","88.50","88.50","0.01K","12.10%"
"08/05/2024","78.95","77.70","78.95","77.70","0.26K","-11.79%"
"07/30/2024","89.50","90.80","90.80","89.50","0.22K","-0.06%"
"07/29/2024","89.55","89.55","89.55","89.55","0.10K","0.17%"
"07/26/2024","89.40","89.40","89.40","89.40","0.03K","3.59%"
"07/17/2024","86.30","86.30","86.30","86.30","0.05K","1.29%"
"06/27/2024","85.20","86.00","86.00","85.20","2.20K","-0.93%"
"06/25/2024","86.00","86.00","86.00","86.00","0.25K","-3.91%"
"06/19/2024","89.50","89.50","89.50","89.50","0.00K","4.99%"
"06/13/2024","85.25","85.25","85.25","85.25","0.03K","0.24%"
"06/07/2024","85.05","85.05","85.05","85.05","0.30K","-1.68%"
"06/03/2024","86.50","86.50","86.50","86.50","0.15K","-0.69%"
"05/31/2024","87.10","84.60","87.10","84.60","0.30K","-2.13%"
"05/30/2024","89.00","89.00","89.00","89.00","0.14K","17.11%"
"05/24/2024","76.00","76.00","76.00","76.00","0.03K","0.00%"
"05/15/2024","76.00","77.25","77.25","76.00","0.50K","-4.22%"
"05/10/2024","79.35","79.35","79.35","79.35","0.19K","2.99%"
"05/06/2024","77.05","76.90","77.05","76.90","0.60K","14.83%"
"04/19/2024","67.10","70.25","70.25","67.05","1.33K","-4.28%"
"04/16/2024","70.10","70.10","70.10","70.10","0.05K","-6.03%"
"04/05/2024","74.60","74.60","74.60","74.60","0.34K","4.48%"
"04/03/2024","71.40","71.40","71.40","71.40","0.16K","-0.56%"
"04/02/2024","71.80","71.60","71.80","71.60","0.91K","-3.17%"
"03/25/2024","74.15","74.15","74.15","74.15","0.16K","8.72%"
"03/06/2024","68.20","68.05","68.20","68.05","0.37K","0.59%"
"03/05/2024","67.80","67.70","67.80","67.70","0.08K","2.19%"
"02/27/2024","66.35","66.35","66.35","66.35","0.87K","-1.34%"
"02/23/2024","67.25","69.50","69.50","67.15","0.09K","-3.86%"
"02/21/2024","69.95","69.95","69.95","69.95","0.03K","-2.44%"
"02/20/2024","71.70","71.70","71.70","71.70","0.03K","-1.04%"
"02/16/2024","72.45","72.85","72.85","72.45","0.26K","0.62%"
"02/06/2024","72.00","72.00","72.00","72.00","0.20K","-9.55%"
"02/02/2024","79.60","79.60","79.60","79.60","0.05K","10.40%"
"01/24/2024","72.10","72.10","72.10","72.10","0.43K","9.08%"
"01/22/2024","66.10","66.10","66.10","66.10","0.15K","-3.22%"
"01/17/2024","68.30","68.30","68.30","68.30","0.03K","-7.95%"
"01/15/2024","74.20","74.20","74.20","74.20","0.49K","0.61%"
"01/09/2024","73.75","73.75","73.75","73.75","0.14K","-1.73%"
"01/05/2024","75.05","75.05","75.05","75.05","0.10K","0.27%"
"01/04/2024","74.85","75.65","75.70","74.85","0.24K","-1.64%"
"01/03/2024","76.10","76.10","76.10","76.10","0.09K","-3.18%"
"01/02/2024","78.60","78.60","78.60","78.60","1.00K","-4.15%"
"12/28/2023","82.00","82.00","82.00","82.00","0.33K","1.05%"
"12/27/2023","81.15","81.20","81.20","81.15","0.59K","4.64%"
"12/21/2023","77.55","77.55","77.55","77.55","0.50K","-3.12%"
"12/15/2023","80.05","80.40","80.40","80.05","1.14K","1.07%"
"12/14/2023","79.20","74.90","79.20","74.90","0.77K","2.46%"
"12/11/2023","77.30","77.30","77.30","77.30","0.15K","1.98%"
"12/05/2023","75.80","74.45","75.80","74.45","0.40K","2.16%"
"12/04/2023","74.20","74.20","74.20","74.20","0.50K","8.48%"
"11/28/2023","68.40","68.40","68.40","68.40","0.20K","-0.07%"
"11/20/2023","68.45","68.45","68.45","68.45","0.10K","3.09%"
"11/15/2023","66.40","66.40","66.40","66.40","0.30K","13.50%"
"10/27/2023","58.50","58.00","58.50","58.00","1.20K","1.30%"
"10/26/2023","57.75","57.65","57.75","57.65","0.14K","1.14%"
"10/20/2023","57.10","56.90","57.75","56.90","2.64K","-4.83%"
"10/19/2023","60.00","60.00","60.00","60.00","0.05K","11.73%"
"10/06/2023","53.70","53.70","53.70","53.70","0.50K","-4.28%"
"10/05/2023","56.10","56.10","56.10","56.10","0.04K","-3.77%"
"10/03/2023","58.30","59.65","59.65","58.30","0.54K","-6.12%"
"09/28/2023","62.10","62.10","62.10","62.10","0.02K","0.00%"
"09/25/2023","62.10","62.10","62.10","62.10","7.20K","-5.55%"
"09/22/2023","65.75","65.75","65.75","65.25","1.60K","-1.13%"
"09/21/2023","66.50","66.80","66.80","66.50","8.00K","-3.06%"
"09/18/2023","68.60","68.00","68.60","68.00","9.50K","0.44%"
"09/14/2023","68.30","68.30","68.30","68.30","0.03K","0.22%"
"09/07/2023","68.15","68.15","68.15","68.15","0.47K","-2.71%"
"09/04/2023","70.05","70.05","70.05","70.05","0.05K","-0.50%"
"09/01/2023","70.40","70.50","70.50","70.40","0.05K","-2.36%"
"08/30/2023","72.10","72.10","72.10","72.10","0.02K","-3.16%"
"08/28/2023","74.45","74.45","74.45","74.45","0.17K","2.06%"
"08/23/2023","72.95","72.95","72.95","72.95","0.02K","-7.37%"
"08/14/2023","78.75","78.75","78.75","78.75","0.02K","-0.76%"
"08/07/2023","79.35","78.85","79.35","78.85","0.04K","-4.11%"
"08/02/2023","82.75","82.95","82.95","82.75","1.30K","-2.07%"
"08/01/2023","84.50","84.50","84.50","84.50","0.16K","1.02%"
"07/31/2023","83.65","83.65","83.65","83.65","0.50K","0.72%"
"07/25/2023","83.05","85.10","85.10","83.05","3.75K","0.18%"
"07/21/2023","82.90","83.50","83.50","82.90","4.06K","7.94%"
"07/17/2023","76.80","76.80","76.80","76.80","0.03K","-2.17%"
"07/14/2023","78.50","78.50","78.50","78.50","1.30K","2.68%"
"07/13/2023","76.45","76.45","76.45","76.45","0.40K","2.82%"
"07/07/2023","74.35","74.35","74.35","74.35","0.04K","7.52%"
"07/06/2023","69.15","70.60","70.60","69.15","1.90K","-4.42%"
"07/05/2023","72.35","72.90","72.90","72.35","0.03K","0.49%"
"07/03/2023","72.00","71.85","72.00","71.85","0.15K","5.11%"
"06/28/2023","68.50","68.50","68.50","68.50","0.03K","2.24%"
"06/27/2023","67.00","67.00","67.00","67.00","1.00K","-1.69%"
"06/26/2023","68.15","68.15","68.15","68.15","0.03K","0.37%"
"06/23/2023","67.90","68.10","68.10","67.90","0.12K","-5.03%"
"06/21/2023","71.50","72.15","72.15","71.50","0.03K","-1.65%"
"06/20/2023","72.70","72.70","72.70","72.70","0.14K","-1.49%"
"06/19/2023","73.80","73.80","73.80","73.80","0.10K","2.57%"
"06/14/2023","71.95","72.50","72.50","71.95","0.10K","0.00%"
"06/13/2023","71.95","74.70","74.70","71.95","1.08K","-7.93%"
"06/09/2023","78.15","77.45","78.15","77.40","0.19K","2.09%"
"06/08/2023","76.55","76.55","76.55","76.55","0.00K","-1.86%"
"06/07/2023","78.00","78.00","78.00","78.00","0.02K","4.21%"
"06/01/2023","74.85","74.70","74.90","74.70","0.02K","0.74%"
"05/31/2023","74.30","74.10","74.30","74.10","0.04K","1.09%"
"05/30/2023","73.50","73.45","73.50","73.40","0.10K","-0.14%"
"05/24/2023","73.60","73.60","73.60","73.60","0.05K","-4.42%"
"05/22/2023","77.00","77.00","77.00","77.00","0.03K","1.72%"
"05/19/2023","75.70","75.70","75.70","75.70","0.04K","3.13%"
"05/08/2023","73.40","72.65","73.65","72.65","0.57K","-2.13%"
"05/05/2023","75.00","73.00","75.00","73.00","1.10K","12.61%"
"05/03/2023","66.60","66.60","66.60","66.60","1.00K","-1.33%"
"05/02/2023","67.50","68.80","68.80","67.50","0.70K","-3.30%"
"04/24/2023","69.80","69.80","69.80","69.80","0.05K","0.36%"
"04/21/2023","69.55","69.55","69.55","69.55","0.23K","-0.07%"
"04/19/2023","69.60","69.60","69.60","69.60","0.10K","-6.33%"
"04/18/2023","74.30","74.30","74.30","74.30","0.03K","-2.43%"
"04/17/2023","76.15","76.15","76.15","76.15","0.02K","-1.87%"
"04/12/2023","77.60","77.60","77.60","77.60","0.06K","23.80%"
"03/29/2023","62.68","62.68","62.68","62.68","0.04K","-3.87%"
"03/22/2023","65.20","65.20","65.20","65.20","0.03K","0.46%"
"03/21/2023","64.90","65.00","65.00","64.90","0.45K","-0.15%"
"03/20/2023","65.00","65.00","65.00","65.00","0.08K","-6.10%"
"03/17/2023","69.22","69.22","69.22","69.22","0.17K","5.49%"
"03/16/2023","65.62","65.90","65.90","65.62","0.71K","3.50%"
"03/13/2023","63.40","63.90","63.90","63.40","0.73K","-1.92%"
"03/09/2023","64.64","64.64","64.64","64.64","0.10K","-4.66%"
"03/07/2023","67.80","67.80","67.80","67.80","0.20K","-1.02%"
"03/06/2023","68.50","69.12","69.18","68.50","0.23K","-2.25%"
"03/03/2023","70.08","70.16","70.16","70.08","0.21K","-0.34%"
"03/01/2023","70.32","70.34","70.34","69.34","1.37K","-0.11%"
"02/27/2023","70.40","69.86","70.40","69.86","0.43K","-0.34%"
"02/24/2023","70.64","71.34","71.34","70.64","0.33K","-2.62%"
"02/23/2023","72.54","72.44","72.54","72.44","0.18K","3.13%"
"02/22/2023","70.34","70.74","70.74","70.30","5.13K","-3.03%"
"02/20/2023","72.54","71.24","72.92","71.24","1.38K","1.97%"
"02/17/2023","71.14","71.24","71.24","71.14","1.00K","-1.58%"
"02/15/2023","72.28","72.28","72.28","72.28","0.05K","-6.01%"
"02/13/2023","76.90","75.84","76.98","75.84","0.27K","-8.45%"
"02/08/2023","84.00","84.00","84.00","84.00","0.15K","10.82%"
"02/07/2023","75.80","80.92","80.92","75.80","0.16K","-8.19%"
"02/06/2023","82.56","80.90","83.10","80.14","0.26K","-0.65%"
"02/03/2023","83.10","85.44","85.44","82.58","1.34K","-6.17%"
"02/02/2023","88.56","88.56","88.56","88.56","0.23K","6.14%"
"02/01/2023","83.44","82.38","83.44","82.38","0.12K","-0.78%"
"01/25/2023","84.10","84.10","84.10","84.10","0.00K","-1.43%"
"01/23/2023","85.32","85.40","85.40","84.52","0.74K","5.41%"
"01/20/2023","80.94","80.94","80.94","80.94","0.29K","-1.96%"
"01/19/2023","82.56","82.26","82.56","79.66","0.51K","-2.98%"
"01/18/2023","85.10","85.10","85.10","85.10","0.02K","-2.52%"
"01/16/2023","87.30","87.30","87.30","87.30","1.00K","3.66%"
"01/12/2023","84.22","84.46","84.46","84.22","0.17K","2.04%"
"01/11/2023","82.54","83.00","83.66","82.54","0.39K","1.53%"
"01/10/2023","81.30","81.30","81.30","81.30","0.07K","-3.42%"
"01/09/2023","84.18","83.40","84.18","82.96","1.43K","10.01%"
"01/06/2023","76.52","76.52","76.52","76.52","0.12K","-3.65%"
"01/04/2023","79.42","79.42","79.42","79.42","0.01K","-0.55%"
"01/03/2023","79.86","80.14","80.54","79.86","0.15K","1.09%"
"12/30/2022","79.00","79.00","79.00","79.00","0.25K","1.31%"
"12/28/2022","77.98","78.10","78.10","77.90","0.74K","-1.99%"
"12/22/2022","79.56","82.46","82.46","79.56","0.32K","-1.04%"
"12/21/2022","80.40","81.86","81.86","80.40","0.57K","0.00%"
"12/20/2022","80.40","80.40","80.40","80.40","0.06K","-2.95%"
"12/19/2022","82.84","82.84","82.84","82.84","0.01K","2.55%"
"12/16/2022","80.78","81.24","81.80","80.50","0.57K","-5.28%"
"12/15/2022","85.28","89.56","89.56","85.28","0.22K","-4.61%"
"12/14/2022","89.40","89.40","89.40","89.40","0.04K","4.32%"
"12/13/2022","85.70","85.70","85.70","85.70","0.00K","-1.54%"
"12/12/2022","87.04","85.00","87.04","85.00","0.22K","4.87%"
"12/07/2022","83.00","83.00","83.00","83.00","0.30K","-2.01%"
"12/06/2022","84.70","84.46","84.70","84.46","2.11K","-4.38%"
"12/05/2022","88.58","87.60","88.58","87.60","0.84K","0.11%"
"12/01/2022","88.48","88.56","88.56","88.48","0.26K","7.51%"
"11/29/2022","82.30","83.10","83.10","82.08","0.41K","1.03%"
"11/28/2022","81.46","81.46","81.46","81.46","0.02K","-4.84%"
"11/24/2022","85.60","84.92","85.98","84.80","9.28K","4.52%"
"11/23/2022","81.90","81.90","81.90","81.90","0.13K","-4.81%"
"11/21/2022","86.04","87.74","87.74","85.00","1.38K","-1.98%"
"11/18/2022","87.78","88.06","88.16","87.78","0.21K","0.14%"
"11/17/2022","87.66","87.82","87.82","87.66","0.00K","-4.45%"
"11/15/2022","91.74","91.74","91.74","91.74","0.25K","3.61%"
"11/14/2022","88.54","88.42","88.54","87.90","0.02K","-2.45%"
"11/11/2022","90.76","91.50","91.50","90.76","0.50K","2.32%"
"11/10/2022","88.70","82.62","88.70","82.62","0.53K","7.31%"
"11/09/2022","82.66","82.90","82.90","82.66","0.35K","-0.70%"
"11/08/2022","83.24","83.24","83.24","83.24","0.08K","-1.37%"
"11/07/2022","84.40","84.40","84.40","84.40","0.02K","1.96%"
"11/04/2022","82.78","82.94","82.96","82.78","0.38K","-1.45%"
"11/03/2022","84.00","83.10","84.00","83.10","0.23K","11.44%"
"11/02/2022","75.38","75.00","75.76","75.00","0.14K","-1.05%"
"11/01/2022","76.18","77.12","77.12","76.18","0.27K","3.73%"
"10/31/2022","73.44","73.14","73.44","73.14","0.13K","3.58%"
"10/28/2022","70.90","71.52","71.74","70.76","1.07K","-1.20%"
"10/26/2022","71.76","70.68","71.76","70.68","0.46K","5.53%"
"10/25/2022","68.00","67.76","68.02","67.76","1.26K","-0.99%"
"10/24/2022","68.68","65.24","69.84","64.20","1.12K","-3.70%"
"10/21/2022","71.32","71.22","71.32","71.22","0.40K","-1.11%"
"10/20/2022","72.12","72.12","72.12","72.12","2.00K","-1.48%"
"10/19/2022","73.20","73.20","73.20","73.20","0.08K","2.87%"
"10/17/2022","71.16","71.16","71.16","71.16","0.02K","2.54%"
"10/13/2022","69.40","69.40","69.40","69.40","0.09K","-6.62%"
"10/10/2022","74.32","74.32","74.32","74.32","0.04K","-9.65%"
"10/04/2022","82.26","78.44","82.26","78.44","0.63K","8.41%"
"09/30/2022","75.88","78.56","78.56","73.42","1.42K","-10.52%"
"09/29/2022","84.80","84.76","85.08","84.60","1.00K","-0.21%"
"09/28/2022","84.98","84.90","84.98","84.90","0.30K","-1.39%"
"09/27/2022","86.18","86.60","86.60","85.86","0.01K","-1.96%"
"09/23/2022","87.90","92.20","92.20","87.86","0.86K","-4.16%"
"09/22/2022","91.72","91.72","91.72","91.72","0.01K","-1.29%"
"09/21/2022","92.92","90.00","93.80","90.00","0.86K","1.69%"
"09/20/2022","91.38","91.38","91.38","91.38","0.00K","-1.95%"
"09/19/2022","93.20","90.52","93.38","90.52","0.25K","-5.86%"
"09/16/2022","99.00","101.65","101.85","99.00","0.46K","-3.37%"
"09/15/2022","102.45","102.45","102.45","102.45","0.87K","-0.05%"
"09/14/2022","102.50","104.75","104.75","102.50","3.31K","-2.15%"
"09/13/2022","104.75","104.70","104.75","104.70","0.00K","0.05%"
"09/12/2022","104.70","104.70","104.70","104.70","1.86K","-1.55%"
"09/09/2022","106.35","106.35","106.35","106.35","0.28K","4.99%"
"09/08/2022","101.30","99.00","101.35","99.00","0.62K","2.47%"
"09/07/2022","98.86","98.16","99.12","98.12","0.02K","-0.96%"
"09/05/2022","99.82","97.28","99.82","97.28","0.04K","-1.90%"
"09/02/2022","101.75","101.75","101.75","101.75","0.05K","0.49%"
"09/01/2022","101.25","101.20","101.25","101.20","0.00K","0.90%"
"08/31/2022","100.35","100.35","100.35","100.35","0.01K","0.61%"
"08/30/2022","99.74","98.30","100.15","98.30","0.46K","2.23%"
"08/29/2022","97.56","104.00","104.00","97.44","0.67K","-5.69%"
"08/24/2022","103.45","103.00","103.45","102.85","0.60K","-1.38%"
"08/23/2022","104.90","104.85","104.90","104.85","0.00K","-0.47%"
"08/22/2022","105.40","105.00","105.40","104.80","0.60K","-2.90%"
"08/18/2022","108.55","109.10","109.10","108.55","0.50K","-2.86%"
"08/17/2022","111.75","110.45","111.75","110.25","0.36K","1.09%"
"08/16/2022","110.55","111.35","111.35","110.55","0.27K","-3.41%"
"08/15/2022","114.45","111.80","114.45","111.80","0.57K","6.17%"
"08/12/2022","107.80","108.00","108.35","107.80","1.50K","-2.75%"
"08/11/2022","110.85","109.20","110.85","109.20","0.47K","-0.67%"
"08/10/2022","111.60","110.55","111.60","110.00","0.46K","0.63%"
"08/09/2022","110.90","111.35","111.90","110.90","0.86K","-2.59%"
"08/08/2022","113.85","112.50","116.50","112.50","0.39K","2.11%"
"08/05/2022","111.50","111.65","111.65","111.50","0.00K","-1.33%"
"08/03/2022","113.00","115.00","115.00","113.00","0.52K","-0.53%"
"08/01/2022","113.60","115.00","115.75","106.90","6.09K","-0.66%"
"07/29/2022","114.35","114.00","115.90","112.70","1.67K","4.14%"
"07/28/2022","109.80","110.00","110.00","109.80","0.01K","9.20%"
"07/27/2022","100.55","100.95","102.40","100.55","0.84K","-4.69%"
"07/26/2022","105.50","106.75","107.30","104.25","0.31K","0.19%"
"07/25/2022","105.30","104.65","105.30","103.65","0.81K","0.48%"
"07/22/2022","104.80","99.30","104.90","99.24","0.90K","5.22%"
"07/21/2022","99.60","104.70","104.70","99.46","0.12K","-0.80%"
"07/19/2022","100.40","100.80","100.80","100.40","0.07K","2.62%"
"07/15/2022","97.84","97.50","97.84","96.68","0.27K","1.18%"
"07/13/2022","96.70","99.50","99.90","96.70","1.76K","-3.59%"
"07/12/2022","100.30","102.50","102.50","100.00","0.20K","-1.28%"
"07/11/2022","101.60","101.60","101.60","101.60","0.01K","5.64%"
"07/08/2022","96.18","96.24","98.00","96.18","0.15K","4.86%"
"07/06/2022","91.72","90.62","91.72","90.62","0.31K","3.36%"
"07/05/2022","88.74","90.50","90.50","88.74","0.23K","3.72%"
"07/01/2022","85.56","85.56","85.56","85.56","0.01K","1.64%"
"06/30/2022","84.18","84.44","85.38","84.18","0.54K","-8.04%"
"06/27/2022","91.54","92.24","93.42","91.54","1.51K","-0.20%"
"06/24/2022","91.72","90.84","91.72","90.84","0.49K","0.97%"
"06/23/2022","90.84","90.80","91.42","90.80","0.15K","1.52%"
"06/22/2022","89.48","89.50","90.12","89.48","0.62K","-1.17%"
"06/21/2022","90.54","90.10","90.72","89.94","1.70K","1.43%"
"06/20/2022","89.26","89.26","89.26","89.26","0.02K","3.38%"
"06/17/2022","86.34","82.20","86.44","82.20","0.64K","6.59%"
"06/16/2022","81.00","81.00","81.00","81.00","0.34K","-3.64%"
"06/15/2022","84.06","82.50","84.06","82.50","0.49K","3.93%"
"06/14/2022","80.88","79.90","82.14","79.90","0.06K","-3.62%"
"06/13/2022","83.92","86.00","86.00","83.92","0.44K","-4.27%"
"06/10/2022","87.66","87.66","87.66","87.66","0.02K","-3.35%"
"06/09/2022","90.70","90.70","90.70","90.70","0.22K","0.35%"
"06/08/2022","90.38","90.26","91.00","90.26","0.87K","0.42%"
"06/07/2022","90.00","90.00","90.00","90.00","0.33K","-5.22%"
"06/03/2022","94.96","94.84","95.18","94.60","0.02K","2.59%"
"06/02/2022","92.56","92.50","92.56","92.50","0.38K","-0.49%"
"06/01/2022","93.02","92.70","93.14","92.70","0.52K","-2.35%"
"05/31/2022","95.26","95.50","95.50","93.46","1.08K","0.51%"
"05/30/2022","94.78","97.46","97.46","94.78","0.54K","0.21%"
"05/27/2022","94.58","93.70","94.58","93.34","0.32K","2.20%"
"05/25/2022","92.54","93.98","93.98","92.54","0.06K","-1.05%"
"05/24/2022","93.52","92.64","93.68","92.64","0.15K","-2.75%"
"05/23/2022","96.16","96.66","96.66","96.16","0.27K","1.97%"
"05/20/2022","94.30","94.06","95.86","94.06","1.12K","1.75%"
"05/19/2022","92.68","91.88","93.92","91.88","0.60K","-1.03%"
"05/18/2022","93.64","94.00","94.00","93.64","0.17K","3.29%"
"05/16/2022","90.66","90.00","90.66","90.00","0.26K","3.02%"
"05/12/2022","88.00","88.00","88.00","88.00","1.52K","-4.26%"
"05/11/2022","91.92","92.62","93.82","91.92","1.90K","-1.54%"
"05/10/2022","93.36","93.20","94.48","92.32","12.69K","1.66%"
"05/09/2022","91.84","92.60","95.80","90.00","4.65K","2.04%"
"05/06/2022","90.00","109.30","109.30","90.00","4.05K","-19.28%"
"05/05/2022","111.50","111.50","111.50","111.50","0.13K","0.50%"
"05/04/2022","110.95","111.35","111.35","110.95","0.52K","3.55%"
"05/03/2022","107.15","110.00","110.00","107.15","0.12K","-2.32%"
"05/02/2022","109.70","109.00","110.40","106.85","2.52K","-6.24%"
"04/29/2022","117.00","117.00","117.00","117.00","2.65K","-0.51%"
"04/28/2022","117.60","118.55","118.85","117.35","1.18K","-1.88%"
"04/27/2022","119.85","116.95","119.85","115.45","0.29K","1.31%"
"04/26/2022","118.30","118.30","118.30","118.30","0.44K","0.25%"
"04/25/2022","118.00","119.55","119.55","117.90","0.20K","-1.67%"
"04/22/2022","120.00","121.55","121.90","120.00","1.04K","-5.29%"
"04/21/2022","126.70","125.50","126.70","125.50","6.06K","2.67%"
"04/20/2022","123.40","125.00","128.40","123.40","17.79K","-4.93%"
"04/19/2022","129.80","129.80","129.80","129.80","21.80K","-0.04%"
"04/12/2022","129.85","130.25","130.25","127.80","0.02K","-1.22%"
"04/11/2022","131.45","131.30","132.35","130.90","0.46K","-4.82%"
"04/08/2022","138.10","137.35","138.40","137.35","0.38K","-0.97%"
"04/07/2022","139.45","139.45","139.45","139.45","0.09K","0.58%"
"04/06/2022","138.65","138.40","138.65","138.40","0.45K","0.58%"
"04/01/2022","137.85","135.95","137.85","135.95","0.08K","2.80%"
"03/31/2022","134.10","134.25","134.25","134.10","0.06K","2.96%"
"03/30/2022","130.25","128.00","130.25","128.00","0.12K","1.44%"
"03/29/2022","128.40","128.40","128.40","128.40","0.01K","1.18%"
"03/28/2022","126.90","127.00","127.00","125.10","0.31K","-1.09%"
"03/24/2022","128.30","127.60","129.00","127.60","0.24K","0.16%"
"03/23/2022","128.10","133.65","133.65","128.10","0.25K","-4.44%"
"03/22/2022","134.05","136.75","136.75","133.50","2.27K","-2.15%"
"03/21/2022","137.00","137.30","139.00","137.00","2.19K","-2.35%"
"03/17/2022","140.30","142.25","142.25","138.65","3.65K","2.33%"
"03/16/2022","137.10","137.10","137.10","137.10","0.01K","1.78%"
"03/15/2022","134.70","130.35","134.70","130.35","0.50K","-0.44%"
"03/14/2022","135.30","140.35","140.35","132.65","0.42K","-4.38%"
"03/11/2022","141.50","141.70","141.70","140.75","0.36K","3.32%"
"03/10/2022","136.95","140.30","144.60","135.05","0.78K","-4.23%"
"03/09/2022","143.00","141.70","149.80","141.70","4.79K","2.14%"
"03/08/2022","140.00","132.80","140.00","132.80","7.25K","15.61%"
"03/07/2022","121.10","115.25","121.10","115.25","2.39K","3.64%"
"03/04/2022","116.85","117.60","119.10","116.85","2.15K","-7.81%"
"03/02/2022","126.75","127.25","127.95","125.40","12.51K","0.96%"
"03/01/2022","125.55","125.55","125.55","125.55","0.04K","0.36%"
"02/28/2022","125.10","114.50","125.30","114.50","0.83K","5.57%"
"02/25/2022","118.50","115.00","119.50","112.65","0.48K","11.06%"
"02/24/2022","106.70","108.00","111.85","106.40","4.69K","-6.73%"
"02/23/2022","114.40","117.00","117.00","114.40","0.52K","2.14%"
"02/22/2022","112.00","115.80","115.90","112.00","0.81K","-5.64%"
"02/21/2022","118.70","119.65","119.90","117.45","0.09K","-0.17%"
"02/18/2022","118.90","125.20","126.45","118.85","0.43K","-5.18%"
"02/17/2022","125.40","123.05","125.40","123.05","0.23K","3.25%"
"02/16/2022","121.45","121.95","122.70","121.30","0.30K","-0.21%"
"02/15/2022","121.70","121.40","121.70","121.15","0.12K","3.35%"
"02/14/2022","117.75","120.00","120.00","116.75","1.11K","-3.09%"
"02/11/2022","121.50","120.35","121.90","120.35","1.37K","0.75%"
"02/10/2022","120.60","126.40","126.40","120.60","0.53K","-3.75%"
"02/09/2022","125.30","125.45","126.60","125.00","0.72K","4.07%"
"02/08/2022","120.40","124.45","124.45","119.55","0.79K","-3.37%"
"02/07/2022","124.60","124.60","124.60","124.60","0.71K","7.55%"
"02/04/2022","115.85","120.00","120.00","115.85","6.00K","-4.26%"
"02/03/2022","121.00","125.00","129.30","121.00","24.73K","-6.85%"
"02/02/2022","129.90","130.60","130.60","129.90","0.63K","-0.35%"
"02/01/2022","130.35","132.50","132.50","130.35","5.93K","-1.77%"
"01/31/2022","132.70","132.70","132.70","132.70","0.01K","4.00%"
"01/28/2022","127.60","123.65","127.60","123.65","2.40K","0.00%"
"01/27/2022","127.60","126.00","130.30","126.00","0.70K","-0.51%"
"01/26/2022","128.25","128.00","128.85","126.45","0.21K","1.46%"
"01/25/2022","126.40","127.90","127.90","124.25","0.74K","0.24%"
"01/24/2022","126.10","134.00","134.00","125.10","0.75K","-7.92%"
"01/21/2022","136.95","136.75","139.60","136.75","2.19K","-1.97%"
"01/20/2022","139.70","135.00","140.80","135.00","3.41K","5.31%"
"01/19/2022","132.65","132.40","132.85","128.85","11.46K","-0.38%"
"01/18/2022","133.15","136.35","136.35","133.15","0.48K","-3.16%"
"01/17/2022","137.50","138.70","138.70","137.50","0.86K","-0.36%"
"01/14/2022","138.00","138.95","138.95","137.00","0.55K","-0.72%"
"01/13/2022","139.00","138.85","140.75","138.85","0.25K","-1.14%"
"01/12/2022","140.60","139.10","140.60","138.30","1.17K","1.33%"
"01/11/2022","138.75","138.50","138.85","138.50","0.30K","2.78%"
"01/10/2022","135.00","139.90","140.70","135.00","1.74K","-3.64%"
"01/07/2022","140.10","138.30","140.45","138.30","1.71K","-11.02%"
"01/05/2022","157.45","153.15","157.45","152.35","24.33K","-1.29%"
"01/04/2022","159.50","161.15","161.15","159.50","0.32K","1.85%"
"01/03/2022","156.60","156.90","156.90","156.60","0.00K","3.09%"
"12/30/2021","151.90","148.05","151.90","148.05","0.16K","4.83%"
"12/29/2021","144.90","148.30","151.30","144.90","1.44K","-4.32%"
"12/28/2021","151.45","155.30","155.30","151.45","0.22K","-3.04%"
"12/27/2021","156.20","156.20","156.20","156.20","0.08K","1.56%"
"12/23/2021","153.80","155.60","156.25","153.80","2.07K","0.85%"
"12/22/2021","152.50","152.00","153.85","152.00","0.26K","0.43%"
"12/21/2021","151.85","149.90","156.95","149.90","0.29K","2.81%"
"12/20/2021","147.70","146.70","147.70","145.00","1.20K","0.72%"
"12/17/2021","146.65","146.55","146.65","146.55","0.11K","0.41%"
"12/16/2021","146.05","150.00","153.20","146.05","1.45K","4.17%"
"12/15/2021","140.20","142.00","142.00","139.20","0.50K","-0.28%"
"12/14/2021","140.60","140.60","140.60","140.60","0.49K","-2.02%"
"12/13/2021","143.50","143.25","143.50","143.25","0.77K","-1.58%"
"12/10/2021","145.80","145.80","145.80","145.80","0.20K","-0.65%"
"12/09/2021","146.75","150.00","150.00","146.75","6.45K","-2.10%"
"12/08/2021","149.90","149.90","149.90","149.90","2.42K","-0.03%"
"12/07/2021","149.95","149.95","149.95","149.95","8.99K","0.84%"
"12/06/2021","148.70","147.00","148.70","146.70","0.29K","-2.33%"
"12/03/2021","152.25","152.15","152.40","152.15","0.11K","-3.18%"
"12/01/2021","157.25","156.60","158.15","155.30","0.45K","-0.63%"
"11/30/2021","158.25","157.95","158.25","157.20","0.26K","-3.86%"
"11/29/2021","164.60","162.10","164.60","160.00","2.00K","2.01%"
"11/26/2021","161.35","162.50","162.50","161.10","1.10K","0.06%"
"11/25/2021","161.25","158.85","161.25","157.75","0.72K","3.60%"
"11/24/2021","155.65","155.70","155.70","154.45","0.28K","-2.44%"
"11/23/2021","159.55","155.50","159.55","154.30","0.33K","-1.21%"
"11/22/2021","161.50","163.25","163.25","161.50","1.08K","-1.64%"
"11/19/2021","164.20","170.95","170.95","163.50","0.91K","-4.76%"
"11/18/2021","172.40","174.65","175.50","172.40","0.03K","-1.60%"
"11/17/2021","175.20","169.00","175.20","169.00","0.25K","0.98%"
"11/16/2021","173.50","167.00","173.50","167.00","0.36K","6.80%"
"11/15/2021","162.45","162.45","162.45","162.45","0.08K","-2.17%"
"11/12/2021","166.05","165.05","167.10","165.05","0.41K","1.93%"
"11/11/2021","162.90","162.90","162.90","162.90","0.00K","-0.94%"
"11/10/2021","164.45","161.00","164.45","161.00","0.15K","-0.63%"
"11/09/2021","165.50","165.50","165.50","165.50","0.05K","0.24%"
"11/08/2021","165.10","163.55","165.10","163.55","0.14K","0.67%"
"11/05/2021","164.00","164.00","164.00","164.00","0.05K","-1.18%"
"11/04/2021","165.95","165.95","165.95","165.95","0.11K","2.41%"
"11/03/2021","162.05","160.00","162.05","160.00","0.99K","-4.90%"
"11/01/2021","170.40","167.15","172.05","166.90","0.74K","2.40%"
"10/29/2021","166.40","169.35","171.75","164.15","3.54K","-0.92%"
"10/28/2021","167.95","165.05","168.30","165.05","0.18K","1.88%"
"10/27/2021","164.85","163.35","165.60","163.20","0.49K","3.22%"
"10/25/2021","159.70","160.15","160.15","159.70","0.02K","-3.45%"
"10/22/2021","165.40","164.00","165.40","164.00","0.06K","-0.06%"
"10/21/2021","165.50","160.00","165.50","160.00","1.24K","3.86%"
"10/20/2021","159.35","160.05","161.65","158.55","1.01K","2.05%"
"10/19/2021","156.15","152.75","156.60","152.55","0.78K","4.10%"
"10/18/2021","150.00","152.00","152.00","149.70","0.88K","-1.57%"
"10/15/2021","152.40","159.15","159.15","152.40","0.87K","-1.61%"
"10/14/2021","154.90","158.00","158.00","154.90","0.54K","-0.19%"
"10/13/2021","155.20","150.35","155.25","150.35","0.58K","4.13%"
"10/12/2021","149.05","147.40","149.05","146.65","1.66K","2.19%"
"10/11/2021","145.85","146.95","146.95","142.50","0.14K","0.66%"
"10/08/2021","144.90","147.85","147.90","144.70","0.70K","-2.75%"
"10/07/2021","149.00","149.65","150.00","149.00","0.22K","0.24%"
"10/06/2021","148.65","150.85","150.85","148.65","0.60K","-0.27%"
"10/05/2021","149.05","146.75","149.55","146.75","0.20K","0.44%"
"10/04/2021","148.40","150.00","154.00","148.40","0.61K","0.88%"
"10/01/2021","147.10","140.25","149.25","137.10","2.30K","-10.47%"
"09/30/2021","164.30","168.90","168.95","164.30","0.19K","-3.24%"
"09/29/2021","169.80","170.00","170.35","168.30","0.04K","2.04%"
"09/28/2021","166.40","169.65","169.80","165.70","0.32K","-2.95%"
"09/27/2021","171.45","170.00","171.70","170.00","0.17K","-2.81%"
"09/23/2021","176.40","172.00","176.40","172.00","0.02K","3.13%"
"09/22/2021","171.05","170.75","171.45","170.75","0.17K","-0.06%"
"09/21/2021","171.15","168.15","172.30","168.15","0.60K","1.66%"
"09/20/2021","168.35","161.80","168.35","161.80","0.11K","3.03%"
"09/17/2021","163.40","167.80","169.90","163.40","0.39K","0.40%"
"09/16/2021","162.75","165.50","168.80","161.55","1.49K","-2.19%"
"09/15/2021","166.40","172.90","172.90","166.00","0.33K","-4.04%"
"09/14/2021","173.40","172.45","173.85","171.50","0.67K","0.52%"
"09/13/2021","172.50","171.80","172.70","170.75","1.86K","-0.12%"
"09/10/2021","172.70","173.60","174.80","172.70","0.19K","-0.75%"
"09/09/2021","174.00","171.65","175.05","171.65","0.27K","-1.16%"
"09/08/2021","176.05","174.50","177.70","173.15","2.87K","0.60%"
"09/07/2021","175.00","176.35","176.35","173.10","0.88K","-2.80%"
"09/06/2021","180.05","181.60","181.60","179.30","0.06K","-0.58%"
"09/03/2021","181.10","184.25","184.75","180.65","0.72K","-1.84%"
"09/02/2021","184.50","183.40","184.70","183.30","0.45K","-1.42%"
"09/01/2021","187.15","183.25","187.15","182.10","0.79K","3.94%"
"08/31/2021","180.05","179.05","184.00","179.05","0.33K","-2.73%"
"08/30/2021","185.10","185.10","185.10","185.10","0.04K","2.86%"
"08/27/2021","179.95","183.70","183.70","179.10","0.93K","-3.43%"
"08/26/2021","186.35","186.45","187.00","186.35","0.47K","-3.22%"
"08/25/2021","192.55","190.45","192.55","187.05","0.13K","2.26%"
"08/24/2021","188.30","189.85","190.65","188.30","0.38K","-0.66%"
"08/23/2021","189.55","185.55","190.00","185.55","0.44K","2.46%"
"08/20/2021","185.00","188.55","188.55","183.30","3.77K","0.68%"
"08/19/2021","183.75","188.25","189.30","183.75","0.03K","-3.29%"
"08/18/2021","190.00","180.85","190.00","180.85","0.22K","6.29%"
"08/17/2021","178.75","182.10","182.40","175.85","0.68K","-5.72%"
"08/16/2021","189.60","195.20","195.20","184.90","3.02K","-1.17%"
"08/13/2021","191.85","192.85","193.00","191.85","0.85K","-0.90%"
"08/12/2021","193.60","196.65","196.65","191.40","7.45K","-2.47%"
"08/11/2021","198.50","195.65","198.50","193.65","7.73K","1.66%"
"08/10/2021","195.25","196.65","197.65","193.60","5.79K","1.43%"
"08/09/2021","192.50","189.80","194.00","189.65","2.83K","1.32%"
"08/06/2021","190.00","182.75","191.90","182.75","8.39K","0.11%"
"08/05/2021","189.80","190.65","190.65","188.40","0.35K","0.18%"
"08/04/2021","189.45","192.15","195.80","188.80","7.91K","-0.37%"
"08/03/2021","190.15","190.90","191.10","188.75","0.73K","-0.89%"
"08/02/2021","191.85","190.65","193.10","190.65","0.11K","1.45%"
"07/30/2021","189.10","188.75","189.50","188.30","0.15K","-0.55%"
"07/29/2021","190.15","192.20","192.35","189.80","1.86K","-2.44%"
"07/28/2021","194.90","189.00","196.00","189.00","1.29K","2.93%"
"07/27/2021","189.35","189.00","190.90","185.05","9.02K","0.00%"
"07/26/2021","189.35","194.00","194.00","188.55","1.36K","-4.80%"
"07/23/2021","198.90","209.00","209.00","193.20","13.38K","-15.86%"
"07/22/2021","236.40","234.60","238.70","234.60","0.36K","3.37%"
"07/21/2021","228.70","227.80","231.40","227.70","1.57K","3.20%"
"07/20/2021","221.60","228.70","229.50","221.60","0.27K","-3.02%"
"07/19/2021","228.50","228.50","228.50","228.50","0.01K","2.19%"
"07/15/2021","223.60","223.60","223.60","223.60","0.25K","-8.92%"
"07/12/2021","245.50","245.50","245.50","245.50","0.70K","-2.15%"
"07/07/2021","250.90","250.90","250.90","250.90","0.51K","4.41%"
"07/05/2021","240.30","240.30","240.30","240.30","0.01K","2.21%"
"06/30/2021","235.10","234.00","235.10","230.00","0.23K","-4.66%"
"06/29/2021","246.60","246.60","246.60","246.60","0.10K","0.86%"
"06/28/2021","244.50","244.50","244.50","244.50","1.49K","6.30%"
"06/25/2021","230.00","230.00","230.00","230.00","0.30K","-0.73%"
"06/23/2021","231.70","231.70","231.70","231.70","5.83K","-1.91%"
"06/21/2021","236.20","221.60","236.20","221.60","0.07K","0.51%"
"06/17/2021","235.00","235.00","235.00","235.00","0.05K","-4.97%"
"06/16/2021","247.30","245.90","247.30","245.90","7.00K","11.35%"
"06/15/2021","222.10","236.00","236.00","222.10","0.82K","3.11%"
"06/11/2021","215.40","215.40","215.40","215.40","0.01K","-2.62%"
"06/10/2021","221.20","215.70","221.20","215.70","0.14K","-1.03%"
"06/01/2021","223.50","193.25","223.50","193.25","0.36K","-1.41%"
"05/31/2021","226.70","226.70","226.70","226.70","0.02K","1.89%"
"05/28/2021","222.50","222.50","222.50","222.50","0.13K","7.75%"
"05/19/2021","206.50","206.50","206.50","206.50","0.04K","1.32%"
"05/18/2021","203.80","204.00","204.00","203.80","0.05K","3.19%"
"05/14/2021","197.50","197.50","197.50","197.50","0.03K","-2.71%"
"05/12/2021","203.00","217.30","217.30","203.00","0.44K","-4.65%"
"05/11/2021","212.90","205.00","212.90","200.00","0.22K","11.17%"
"05/10/2021","191.50","191.50","191.50","191.50","0.08K","-3.19%"
"05/06/2021","197.80","204.40","204.40","197.80","0.25K","-9.68%"
"05/05/2021","219.00","219.00","219.00","219.00","0.22K","-0.45%"
"05/04/2021","220.00","216.70","220.00","216.70","0.07K","1.38%"
"05/03/2021","217.00","224.60","224.60","217.00","0.10K","-6.91%"
"04/30/2021","233.10","229.00","233.10","217.70","0.90K","-9.12%"
"04/29/2021","256.50","256.00","256.50","256.00","0.18K","-0.27%"
"04/28/2021","257.20","258.20","258.20","257.20","0.20K","-2.91%"
"04/26/2021","264.90","264.90","264.90","264.90","0.10K","1.88%"
"04/23/2021","260.00","260.00","260.00","260.00","0.10K","8.33%"
"04/21/2021","240.00","245.20","245.20","240.00","0.81K","-8.43%"
"04/19/2021","262.10","276.00","276.00","262.10","0.12K","-0.94%"
"04/16/2021","264.60","264.60","264.60","264.60","0.30K","0.99%"
"04/15/2021","262.00","262.00","262.00","262.00","0.39K","-0.23%"
"04/14/2021","262.60","262.70","262.70","262.60","0.27K","3.51%"
"04/13/2021","253.70","253.70","253.70","253.70","0.04K","-2.27%"
"03/31/2021","259.60","259.60","259.60","259.60","0.01K","5.53%"
"03/30/2021","246.00","246.00","246.00","246.00","0.02K","2.84%"
"03/29/2021","239.20","239.20","239.20","239.20","0.01K","6.03%"
"03/26/2021","225.60","236.40","236.40","225.60","0.12K","-6.62%"
"03/24/2021","241.60","241.60","241.60","241.60","9.99K","-9.38%"
"03/23/2021","266.60","266.00","266.60","266.00","0.08K","-2.34%"
"03/11/2021","273.00","273.00","273.00","273.00","0.08K","1.11%"
"03/09/2021","270.00","270.00","270.00","270.00","0.60K","9.40%"
"03/05/2021","246.80","246.80","246.80","246.80","0.16K","0.33%"
"03/04/2021","246.00","246.00","246.00","246.00","0.03K","-0.40%"
"03/03/2021","247.00","248.80","249.00","247.00","0.20K","-7.42%"
"03/02/2021","266.80","266.80","266.80","266.80","0.01K","0.68%"
"03/01/2021","265.00","265.00","265.00","265.00","0.08K","3.76%"
"02/26/2021","255.40","255.40","255.40","255.40","0.08K","-2.44%"
"02/25/2021","261.80","261.80","261.80","261.80","0.02K","4.72%"
"02/24/2021","250.00","255.20","255.20","250.00","0.14K","0.81%"
"02/23/2021","248.00","246.80","248.00","240.00","0.23K","-5.70%"
"02/22/2021","263.00","264.60","264.60","263.00","0.10K","-2.52%"
"02/19/2021","269.80","266.00","269.80","265.00","2.24K","-4.26%"
"02/18/2021","281.80","285.80","285.80","281.80","0.28K","-5.44%"
"02/16/2021","298.00","295.00","303.00","295.00","0.23K","1.22%"
"02/15/2021","294.40","290.60","294.40","287.80","0.90K","2.29%"
"02/12/2021","287.80","291.60","291.60","287.80","1.07K","-4.07%"
"02/11/2021","300.00","300.00","300.00","300.00","0.04K","-1.25%"
"02/10/2021","303.80","303.80","303.80","303.80","0.10K","1.47%"
"02/09/2021","299.40","307.40","307.40","299.40","0.91K","-2.86%"
"02/08/2021","308.20","308.20","308.20","308.20","0.10K","-1.85%"
"02/05/2021","314.00","314.60","319.60","314.00","0.94K","2.68%"
"02/04/2021","305.80","305.60","305.80","305.60","0.11K","-3.53%"
"02/03/2021","317.00","317.00","317.00","317.00","0.04K","-3.24%"
"02/01/2021","327.60","324.40","327.60","324.40","0.55K","-0.61%"
"01/29/2021","329.60","320.00","333.00","320.00","0.96K","0.73%"
"01/28/2021","327.20","325.60","330.00","325.60","1.04K","0.80%"
"01/27/2021","324.60","358.00","358.00","324.60","0.80K","-9.18%"
"01/26/2021","357.40","357.40","357.40","357.40","52.56K","-2.62%"
"01/22/2021","367.00","367.00","367.00","367.00","0.02K","0.55%"
"01/21/2021","365.00","365.00","365.00","365.00","0.08K","0.00%"
"01/19/2021","365.00","365.60","365.60","365.00","0.06K","3.17%"
"01/18/2021","353.80","353.60","353.80","353.60","0.10K","0.74%"
"01/12/2021","351.20","360.40","360.40","351.20","0.34K","-2.55%"
"01/11/2021","360.40","374.20","374.20","359.60","1.08K","-8.76%"
"01/08/2021","395.00","395.00","395.00","395.00","0.20K","2.86%"
"01/07/2021","384.00","369.00","385.00","369.00","1.24K","5.49%"
"01/06/2021","364.00","350.00","364.40","350.00","0.75K","1.96%"
"01/05/2021","357.00","344.00","357.00","344.00","1.07K","1.19%"
"01/04/2021","352.80","340.00","361.00","340.00","3.14K","3.89%"
"12/30/2020","339.60","335.00","340.20","330.20","0.23K","1.74%"
"12/29/2020","333.80","342.00","350.00","333.80","1.09K","-1.48%"
"12/28/2020","338.80","339.00","340.80","338.60","0.59K","5.68%"
"12/23/2020","320.60","323.00","326.00","320.60","0.79K","1.58%"
"12/22/2020","315.60","312.20","315.60","312.20","0.19K","3.14%"
"12/21/2020","306.00","310.40","315.00","303.40","0.66K","-2.42%"
"12/18/2020","313.60","308.40","314.60","308.40","0.24K","6.23%"
"12/17/2020","295.20","301.80","301.80","295.20","1.17K","-4.77%"
"12/16/2020","310.00","300.00","310.00","300.00","0.03K","3.47%"
"12/15/2020","299.60","300.20","302.00","299.60","1.21K","-0.13%"
"12/14/2020","300.00","298.40","300.00","298.00","0.36K","1.15%"
"12/11/2020","296.60","293.00","310.00","293.00","0.34K","0.68%"
"12/10/2020","294.60","291.20","294.60","291.20","0.20K","1.45%"
"12/09/2020","290.40","287.20","291.40","287.00","0.38K","3.57%"
"12/08/2020","280.40","280.00","285.00","280.00","0.55K","0.72%"
"12/07/2020","278.40","272.60","278.40","272.60","1.30K","3.42%"
"12/04/2020","269.20","272.00","272.00","268.40","4.57K","-1.82%"
"12/03/2020","274.20","274.60","276.00","273.60","1.50K","1.56%"
"12/02/2020","270.00","270.60","276.00","270.00","1.82K","-0.88%"
"12/01/2020","272.40","275.60","280.00","272.40","1.49K","-1.80%"
"11/30/2020","277.40","275.00","277.40","274.80","1.12K","2.74%"
"11/27/2020","270.00","265.00","270.40","265.00","0.49K","2.97%"
"11/26/2020","262.20","267.80","268.00","260.40","1.04K","0.31%"
"11/25/2020","261.40","259.60","265.00","259.60","0.93K","4.14%"
"11/24/2020","251.00","255.80","255.80","249.00","0.65K","-0.24%"
"11/23/2020","251.60","250.20","251.80","247.60","0.77K","0.64%"
"11/20/2020","250.00","246.00","258.80","246.00","1.23K","7.76%"
"11/18/2020","232.00","238.60","239.40","232.00","0.94K","-2.93%"
"11/17/2020","239.00","241.60","241.60","238.80","0.29K","2.40%"
"11/16/2020","233.40","230.80","233.40","229.80","1.96K","1.57%"
"11/13/2020","229.80","235.00","235.00","229.40","0.51K","-3.12%"
"11/12/2020","237.20","233.80","238.80","233.80","2.02K","1.28%"
"11/11/2020","234.20","234.20","234.20","234.20","0.08K","4.65%"
"11/10/2020","223.80","228.80","228.80","223.80","0.89K","-2.27%"
"11/09/2020","229.00","235.20","240.00","225.80","1.39K","-0.17%"
"11/06/2020","229.40","227.80","237.40","226.00","0.35K","1.06%"
"11/05/2020","227.00","225.20","231.00","223.00","2.34K","3.56%"
"11/04/2020","219.20","211.40","219.20","211.40","0.56K","3.89%"
"11/03/2020","211.00","214.60","220.60","209.00","1.16K","0.57%"
"11/02/2020","209.80","208.80","209.80","206.20","3.36K","0.58%"
"10/30/2020","208.60","204.80","210.00","204.80","4.75K","5.19%"
"10/29/2020","198.30","199.80","201.00","196.80","1.26K","0.51%"
"10/28/2020","197.30","190.00","207.60","190.00","1.77K","-3.09%"
"10/27/2020","203.60","210.60","210.60","203.60","2.87K","-9.75%"
"10/26/2020","225.60","206.40","225.60","206.40","1.73K","10.59%"
"10/23/2020","204.00","210.60","211.00","203.80","1.69K","-6.08%"
"10/22/2020","217.20","221.60","221.60","213.00","2.86K","-2.60%"
"10/21/2020","223.00","226.40","230.00","220.00","4.52K","-9.86%"
"10/20/2020","247.40","251.80","258.40","247.40","1.35K","-1.04%"
"10/19/2020","250.00","265.00","265.00","230.00","1.44K","-3.03%"
"10/16/2020","257.80","214.40","273.00","214.40","6.45K","18.69%"
"10/15/2020","217.20","218.60","221.00","214.00","2.87K","-1.45%"
"10/14/2020","220.40","222.00","223.60","209.60","11.15K","-2.48%"
"10/13/2020","226.00","227.00","228.40","224.00","6.18K","-0.70%"
"10/12/2020","227.60","235.00","235.20","218.00","17.79K","2.71%"
"10/09/2020","221.60","239.00","241.00","221.40","6.98K","-7.20%"
"10/08/2020","238.80","239.00","239.00","235.00","3.91K","2.58%"
"10/07/2020","232.80","234.20","234.20","229.40","0.38K","-1.27%"
"10/06/2020","235.80","227.00","235.80","227.00","0.80K","5.74%"
"10/05/2020","223.00","223.80","224.00","219.80","2.07K","-0.45%"
"10/02/2020","224.00","221.00","224.00","217.40","0.88K","1.63%"
"10/01/2020","220.40","217.80","221.40","217.60","6.16K","2.23%"
"09/30/2020","215.60","210.80","216.40","210.00","5.00K","2.76%"
"09/29/2020","209.80","210.00","210.40","209.00","1.48K","1.94%"
"09/28/2020","205.80","202.20","206.00","200.00","0.79K","5.27%"
"09/25/2020","195.50","195.80","195.80","195.50","0.20K","0.72%"
"09/24/2020","194.10","194.30","196.00","192.30","0.74K","-1.42%"
"09/23/2020","196.90","195.50","198.50","195.50","0.72K","2.29%"
"09/22/2020","192.50","179.30","192.50","179.30","1.92K","7.06%"
"09/21/2020","179.80","179.60","186.00","179.60","2.00K","-4.97%"
"09/18/2020","189.20","188.00","189.20","186.30","3.08K","0.37%"
"09/17/2020","188.50","189.60","189.80","188.50","0.20K","0.05%"
"09/16/2020","188.40","187.00","189.40","187.00","4.14K","2.89%"
"09/15/2020","183.10","182.20","185.00","181.80","0.80K","2.23%"
"09/14/2020","179.10","178.00","179.70","178.00","1.97K","0.67%"
"09/11/2020","177.90","177.80","178.00","177.30","1.09K","0.57%"
"09/10/2020","176.90","178.30","178.80","176.90","0.24K","-0.90%"
"09/09/2020","178.50","178.50","178.50","178.50","0.17K","3.36%"
"09/08/2020","172.70","178.00","178.00","172.60","0.87K","-2.98%"
"09/07/2020","178.00","175.00","178.30","175.00","0.42K","2.89%"
"09/04/2020","173.00","181.00","183.80","173.00","2.93K","-7.09%"
"09/03/2020","186.20","183.00","186.30","183.00","1.09K","1.36%"
"09/02/2020","183.70","189.00","189.00","183.70","0.69K","0.00%"
"09/01/2020","183.70","187.10","187.90","183.70","0.75K","-2.24%"
"08/31/2020","187.90","184.00","188.60","178.30","0.83K","3.87%"
"08/28/2020","180.90","181.80","181.80","179.50","1.22K","-0.17%"
"08/27/2020","181.20","177.00","181.20","177.00","0.76K","1.85%"
"08/26/2020","177.90","175.90","177.90","175.20","0.84K","1.54%"
"08/25/2020","175.20","170.30","176.40","170.30","2.90K","3.98%"
"08/24/2020","168.50","167.20","169.00","167.00","1.69K","4.46%"
"08/21/2020","161.30","163.40","163.80","161.10","0.65K","-2.66%"
"08/20/2020","165.70","166.00","166.00","165.70","1.07K","-1.07%"
"08/19/2020","167.50","165.00","167.60","165.00","3.88K","2.95%"
"08/18/2020","162.70","163.70","168.30","162.70","1.25K","-1.33%"
"08/17/2020","164.90","162.70","164.90","162.70","0.33K","-0.42%"
"08/14/2020","165.60","164.20","165.80","163.90","1.07K","1.97%"
"08/13/2020","162.40","159.00","164.80","159.00","0.97K","5.05%"
"08/12/2020","154.60","154.90","154.90","154.40","1.60K","-1.09%"
"08/11/2020","156.30","152.70","156.30","152.70","2.53K","3.78%"
"08/10/2020","150.60","151.10","152.00","149.40","0.49K","-0.66%"
"08/07/2020","151.60","151.20","151.70","150.00","1.13K","-0.66%"
"08/06/2020","152.60","154.10","154.30","152.10","0.66K","-1.42%"
"08/05/2020","154.80","157.50","157.50","154.50","0.78K","-1.15%"
"08/04/2020","156.60","156.60","157.30","155.30","2.22K","-1.51%"
"08/03/2020","159.00","156.70","159.00","156.70","0.60K","0.76%"
"07/31/2020","157.80","160.50","160.50","157.80","0.30K","1.15%"
"07/30/2020","156.00","158.90","160.60","155.70","1.67K","-0.95%"
"07/29/2020","157.50","155.30","157.70","154.90","1.24K","2.61%"
"07/28/2020","153.50","154.00","156.00","153.50","0.29K","-0.39%"
"07/27/2020","154.10","147.00","154.40","147.00","3.34K","1.78%"
"07/24/2020","151.40","154.60","154.60","149.50","4.74K","-4.36%"
"07/23/2020","158.30","160.40","160.40","156.70","0.58K","-1.37%"
"07/22/2020","160.50","163.50","163.50","160.00","1.06K","-4.69%"
"07/21/2020","168.40","162.70","171.60","162.70","1.20K","4.01%"
"07/20/2020","161.90","161.60","163.20","161.60","0.72K","-0.12%"
"07/17/2020","162.10","163.40","163.40","159.00","3.22K","0.93%"
"07/16/2020","160.60","161.50","165.00","160.60","0.97K","0.75%"
"07/15/2020","159.40","160.40","161.10","159.40","0.28K","0.06%"
"07/14/2020","159.30","157.40","160.10","156.20","1.45K","-0.93%"
"07/13/2020","160.80","162.40","162.40","160.50","0.53K","0.06%"
"07/10/2020","160.70","160.70","160.70","160.70","0.11K","0.75%"
"07/09/2020","159.50","158.30","159.50","157.90","0.32K","2.11%"
"07/08/2020","156.20","159.00","159.00","155.20","0.91K","-0.70%"
"07/07/2020","157.30","153.60","157.30","153.60","1.20K","1.29%"
"07/06/2020","155.30","158.30","158.30","155.30","1.49K","-2.27%"
"07/03/2020","158.90","163.00","164.80","158.90","1.18K","-2.69%"
"07/02/2020","163.30","157.00","163.30","157.00","1.43K","6.25%"
"07/01/2020","153.70","156.80","156.80","151.60","0.20K","-2.97%"
"06/30/2020","158.40","153.60","158.70","153.60","0.86K","5.25%"
"06/29/2020","150.50","153.60","153.60","150.00","2.07K","-2.08%"
"06/26/2020","153.70","154.50","154.50","153.70","0.29K","-0.84%"
"06/25/2020","155.00","155.00","155.00","155.00","0.24K","-0.19%"
"06/24/2020","155.30","161.00","161.30","153.30","1.36K","0.84%"
"06/23/2020","154.00","157.30","157.40","154.00","1.39K","-0.45%"
"06/22/2020","154.70","155.50","155.50","152.90","1.68K","-0.96%"
"06/19/2020","156.20","158.50","158.50","155.00","0.96K","0.90%"
"06/18/2020","154.80","154.80","154.80","154.80","0.19K","-1.90%"
"06/16/2020","157.80","164.00","164.00","157.50","3.64K","0.13%"
"06/15/2020","157.60","151.70","158.50","150.90","6.08K","2.47%"
"06/12/2020","153.80","154.00","154.80","153.00","1.73K","2.67%"
"06/11/2020","149.80","155.40","155.40","149.80","2.16K","-5.37%"
"06/10/2020","158.30","158.30","158.30","157.00","1.29K","1.28%"
"06/09/2020","156.30","161.60","161.60","156.30","1.19K","-3.52%"
"06/08/2020","162.00","166.50","166.50","161.30","0.69K","-2.29%"
"06/05/2020","165.80","166.40","169.10","165.50","1.94K","-0.72%"
"06/04/2020","167.00","162.70","167.00","159.00","1.46K","3.73%"
"06/03/2020","161.00","164.40","167.00","161.00","5.31K","-1.53%"
"06/02/2020","163.50","167.50","167.50","163.50","2.64K","0.06%"
"05/29/2020","163.40","157.00","163.40","156.70","2.35K","1.49%"
"05/28/2020","161.00","162.50","162.80","155.00","2.24K","-5.68%"
"05/27/2020","170.70","170.60","171.00","170.60","0.42K","0.41%"
"05/26/2020","170.00","174.90","174.90","170.00","1.03K","-2.63%"
"05/25/2020","174.60","176.00","176.00","174.20","0.35K","2.05%"
"05/22/2020","171.10","163.50","173.00","163.50","1.92K","4.65%"
"05/20/2020","163.50","170.40","171.50","163.50","0.19K","-2.15%"
"05/19/2020","167.10","160.50","173.20","160.50","0.46K","-4.51%"
"05/18/2020","175.00","175.00","175.00","175.00","0.08K","1.80%"
"05/15/2020","171.90","172.50","173.50","171.90","1.58K","1.12%"
"05/14/2020","170.00","173.00","182.30","170.00","2.20K","-2.19%"
"05/13/2020","173.80","174.30","176.10","172.30","0.65K","-0.63%"
"05/12/2020","174.90","174.30","176.10","173.60","0.96K","1.63%"
"05/11/2020","172.10","171.40","175.50","171.40","0.85K","3.05%"
"05/08/2020","167.00","161.80","169.60","161.60","4.00K","6.64%"
"05/07/2020","156.60","152.20","157.60","152.20","1.64K","4.61%"
"05/06/2020","149.70","150.20","150.20","149.30","1.03K","-1.06%"
"05/05/2020","151.30","147.00","154.40","147.00","2.04K","1.95%"
"05/04/2020","148.40","144.90","150.60","143.90","8.76K","-0.93%"
"04/30/2020","149.80","150.40","150.40","149.80","0.98K","-2.03%"
"04/29/2020","152.90","150.60","152.90","150.00","1.57K","2.48%"
"04/28/2020","149.20","151.00","151.00","149.20","0.23K","-2.23%"
"04/27/2020","152.60","153.10","153.30","152.60","0.47K","-0.39%"
"04/24/2020","153.20","156.30","156.30","153.20","0.41K","-3.89%"
"04/23/2020","159.40","154.60","164.60","154.60","0.81K","4.25%"
"04/22/2020","152.90","148.60","155.00","148.60","1.25K","1.46%"
"04/21/2020","150.70","151.10","152.00","145.00","0.91K","-1.63%"
"04/20/2020","153.20","154.00","154.00","151.70","0.02K","0.52%"
"04/17/2020","152.40","152.70","155.00","150.70","0.52K","2.97%"
"04/16/2020","148.00","150.50","151.90","147.90","2.54K","-0.07%"
"04/14/2020","148.10","147.70","151.30","146.00","1.27K","1.79%"
"04/08/2020","145.50","141.80","145.50","141.70","0.93K","2.25%"
"04/07/2020","142.30","141.80","142.80","141.80","0.04K","7.15%"
"04/06/2020","132.80","130.00","132.80","130.00","0.90K","6.24%"
"04/03/2020","125.00","123.00","128.20","123.00","0.37K","0.73%"
"04/02/2020","124.10","131.90","131.90","124.10","0.72K","-6.20%"
"04/01/2020","132.30","131.50","132.30","130.10","0.51K","2.80%"
"03/31/2020","128.70","134.00","135.00","128.70","4.84K","-0.77%"
"03/30/2020","129.70","128.20","129.80","123.50","2.63K","2.37%"
"03/27/2020","126.70","132.00","132.00","125.90","2.15K","-1.71%"
"03/26/2020","128.90","125.00","129.30","121.00","2.55K","3.95%"
"03/25/2020","124.00","129.00","130.00","118.00","2.57K","3.42%"
"03/24/2020","119.90","111.90","120.80","109.70","1.92K","9.80%"
"03/23/2020","109.20","116.00","116.00","105.90","2.55K","-4.21%"
"03/20/2020","114.00","118.20","118.20","109.00","3.82K","6.24%"
"03/19/2020","107.30","124.30","124.30","105.00","3.39K","-12.76%"
"03/18/2020","123.00","125.00","125.00","118.00","8.66K","-0.16%"
"03/17/2020","123.20","119.30","123.20","119.30","0.02K","5.39%"
"03/16/2020","116.90","115.50","116.90","103.60","5.14K","-8.67%"
"03/13/2020","128.00","119.40","136.20","119.40","1.94K","8.11%"
"03/12/2020","118.40","128.80","129.50","116.90","6.38K","-13.70%"
"03/11/2020","137.20","146.20","146.20","137.20","0.84K","-5.31%"
"03/10/2020","144.90","152.60","153.10","144.90","2.47K","-0.48%"
"03/09/2020","145.60","149.50","150.00","145.00","4.00K","-7.67%"
"03/06/2020","157.70","161.00","162.80","157.20","10.00K","-4.25%"
"03/05/2020","164.70","171.50","171.50","164.70","0.18K","-2.54%"
"03/04/2020","169.00","169.50","171.50","169.00","0.96K","-0.71%"
"03/03/2020","170.20","170.60","173.70","169.70","0.21K","4.29%"
"03/02/2020","163.20","161.50","168.50","161.50","4.24K","1.94%"
"02/28/2020","160.10","150.00","164.40","150.00","4.82K","-3.61%"
"02/27/2020","166.10","170.50","170.50","166.10","0.89K","-4.21%"
"02/26/2020","173.40","172.50","174.20","165.60","1.16K","-1.31%"
"02/25/2020","175.70","170.00","180.00","170.00","3.47K","1.33%"
"02/24/2020","173.40","171.00","173.40","170.60","0.34K","-4.25%"
"02/21/2020","181.10","180.00","183.00","180.00","1.27K","-2.11%"
"02/20/2020","185.00","185.00","185.00","185.00","0.43K","2.49%"
"02/19/2020","180.50","177.50","180.50","176.80","1.55K","1.40%"
"02/18/2020","178.00","173.70","178.50","173.70","3.32K","1.95%"
"02/17/2020","174.60","174.60","174.60","174.60","0.30K","0.23%"
"02/14/2020","174.20","173.00","175.00","170.90","1.36K","0.87%"
"02/13/2020","172.70","169.70","172.70","169.70","1.94K","1.41%"
"02/12/2020","170.30","170.50","170.50","169.50","2.03K","0.24%"
"02/11/2020","169.90","165.00","170.70","165.00","1.50K","3.66%"
"02/10/2020","163.90","163.30","163.90","163.30","0.41K","0.55%"
"02/07/2020","163.00","164.80","166.00","163.00","2.46K","-1.33%"
"02/06/2020","165.20","168.20","168.20","162.40","0.84K","-1.55%"
"02/05/2020","167.80","163.00","167.80","163.00","1.11K","3.90%"
"02/04/2020","161.50","157.00","163.00","157.00","1.68K","2.87%"
"02/03/2020","157.00","153.20","157.00","153.20","1.56K","0.26%"
"01/31/2020","156.60","148.50","157.10","148.50","5.20K","4.68%"
"01/30/2020","149.60","150.10","150.10","148.80","2.49K","-0.13%"
"01/29/2020","149.80","143.50","149.80","143.50","3.54K","7.23%"
"01/28/2020","139.70","136.20","140.20","136.20","2.10K","3.02%"
"01/27/2020","135.60","135.00","136.00","132.00","1.48K","-2.45%"
"01/24/2020","139.00","139.10","140.00","137.70","9.22K","3.42%"
"01/23/2020","134.40","130.40","135.20","130.40","0.69K","1.05%"
"01/22/2020","133.00","132.40","133.20","132.20","1.43K","-0.15%"
"01/21/2020","133.20","132.00","133.20","131.80","1.45K","1.45%"
"01/20/2020","131.30","129.50","131.70","129.50","0.89K","1.39%"
"01/17/2020","129.50","128.30","129.90","128.30","1.11K","1.01%"
"01/16/2020","128.20","126.60","128.20","126.30","3.11K","3.30%"
"01/15/2020","124.10","121.70","124.20","121.70","2.69K","2.90%"
"01/14/2020","120.60","120.60","120.60","120.60","0.00K","1.86%"
"01/13/2020","118.40","121.20","121.20","118.20","0.87K","-0.34%"
"01/10/2020","118.80","119.40","119.40","118.60","1.87K","0.93%"
"01/09/2020","117.70","119.00","119.00","117.70","2.16K","-0.93%"
"01/08/2020","118.80","116.70","119.00","115.00","0.85K","1.97%"
"01/07/2020","116.50","118.70","118.70","116.10","1.86K","-0.77%"
"01/06/2020","117.40","120.00","120.00","116.60","0.98K","-4.71%"
"01/03/2020","123.20","122.30","123.20","122.30","0.65K","0.16%"
"01/02/2020","123.00","124.00","124.00","121.70","1.37K","-0.89%"